"","p.value","HR","Low 95%CI","High 95%CI"
"APOBEC3A",0.214535660823435,0.940340050128326,0.853294890830273,1.03626474197561
"CCL8",0.479218233780382,0.966777036700616,0.880399538079594,1.06162917887302
"EPSTI1",0.0792033371205082,0.893059183628321,0.78710755865586,1.01327283252732
"ETV7",0.00396619411793686,0.854434570010161,0.767709344075105,0.950956817267848
"HSH2D",0.180050794343662,0.931829221886336,0.840438296143703,1.03315817799529
"IFI6",0.268396421188475,0.94617794237624,0.857873279564977,1.04357219179657
"IL22RA1",0.00178547747784617,0.836365487576883,0.74766099772984,0.935594114088692
"ISG15",0.242310549926538,0.944915514566836,0.859299603445543,1.03906172665387
"OAS1",0.219289944992388,0.922822325138759,0.811826777734906,1.04899353794485
"OAS2",0.0843404294729445,0.899289367287097,0.797170173442932,1.01449024694791
"OAS3",0.545250295890307,0.958665236924935,0.836112292431841,1.09918134777723
"OASL",0.0766737236287796,0.909546548916605,0.818915396866063,1.01020804812321
"PSME2",0.000245196221413578,0.65256138001418,0.519451485600553,0.819780800498992
"RSAD2",0.655453758073182,0.975496637495424,0.874780556925131,1.08780845919775
"TAP1",0.00554089919637067,0.814397967210824,0.704423026668112,0.941542260670035
"ABCD2",5.04707620922357e-06,0.794307152139255,0.719496080198328,0.876896857819795
"ACSL1",0.817212976773367,1.01767707828484,0.877158668568948,1.18070615132381
"ACSL5",0.000186122532837276,0.788346338974197,0.695904734186162,0.893067570377765
"ADAM19",0.25166031993677,0.91451543566416,0.784939701440209,1.06548118350173
"ADAM8",0.198023464218711,0.92071961687108,0.811906213331747,1.04411642499014
"ADAMDEC1",0.0669650530871217,0.936546515799267,0.873109126565942,1.00459306811461
"ADAMTSL4",0.0161938106120803,0.850923444085847,0.746007201530419,0.970594796148754
"ADORA2A",0.32798169897392,0.944661099711966,0.842824928955932,1.05880184917463
"ADRB2",0.00146086160020555,0.826558068941645,0.73506067059906,0.929444695736132
"AGMAT",0.0786871054365973,0.872093336659603,0.748705504142079,1.0158156760415
"AIM2",0.0429553707131345,0.911186373693957,0.832712665540131,0.997055337289728
"AKAP7",0.0084898620506273,0.7414869995778,0.59343306686995,0.926478488033727
"ALDH1A1",0.00233309737134994,0.84334563901807,0.755727434944566,0.941122200893722
"ALDH2",0.0148947669515731,0.849066316538172,0.744293230197946,0.968588159384401
"ALPL",0.384234543392656,0.948021435025542,0.840621685117743,1.06914282272174
"ALS2CL",0.164322011789719,0.900328740721729,0.776490411386592,1.0439173871086
"AMPD1",0.00215002018378184,0.848970600218717,0.764674361860414,0.942559494582999
"ANGPTL6",0.260053599183973,0.916647389779091,0.787817210862302,1.06654491118458
"ANKDD1A",0.000423043302026846,0.680328404919121,0.549179564272342,0.842796725608433
"ANKRD22",0.334918398788129,0.943712580095876,0.838877360780806,1.06164914619018
"AP1M2",0.0680967040317714,1.25045334151279,0.983524932671036,1.58982605052422
"APBB1IP",0.00152070552310639,0.796144600000933,0.691497029948106,0.916628989944053
"APOBEC3C",0.00041297646088176,0.764457498999633,0.658594049641626,0.887337606671019
"APOC1",0.0828289368840351,0.893110812302809,0.78601180516117,1.01480272664432
"APOC2",0.657691715098251,0.975178557956601,0.872570038044794,1.08985316757977
"ARHGAP10",0.242645271325372,0.897089654325202,0.747685752321315,1.0763477107846
"ARHGAP26",0.00237596928552968,0.7836911776311,0.669681797200451,0.917109983374663
"ARID5A",0.000743970551524704,0.771226195938147,0.663166968257454,0.896893050726127
"ARPC1B",0.216085245092509,0.875942208823832,0.710118918493358,1.08048769469074
"ART4",0.246528149955904,0.92577661462126,0.81256259675303,1.05476469579623
"ATF3",0.0568045978554762,0.895772001630197,0.799854284786027,1.00319207406537
"ATP8A1",0.25886162464237,0.92810292473719,0.815355012840594,1.05644170372462
"ATP8B4",0.0262731642599601,0.833346403150975,0.709565890240247,0.978719858432784
"B3GALT2",0.142220326101125,0.883735256189068,0.749263712318608,1.04234062078728
"B3GAT1",0.172026985670173,0.943357417910634,0.867628512495669,1.02569614196659
"BANK1",0.00118501057587817,0.865021880146693,0.792432019269875,0.944261255144572
"BIN1",0.0323267163687046,0.862932072368395,0.753961129062584,0.987652722160696
"BMP6",0.117218696892684,0.898418120820521,0.785731327172303,1.02726605380935
"BST1",0.0909043423590267,0.847426445426124,0.699440509175922,1.02672288920419
"BTN1A1",0.186322386668785,0.906478549140626,0.783636629069623,1.04857701844242
"C10orf105",0.00381006801541725,0.813964084761086,0.708029811011841,0.935748073000096
"C1orf127",0.0808923851945517,1.11690655120855,0.986509563373321,1.26453943321835
"C2orf88",0.000869994046849825,0.801954762036905,0.70424907802261,0.913215878335905
"C3",0.00121275279737435,0.839740853654137,0.755440124446437,0.933448831318699
"C7orf31",0.0235797014895815,0.832022426921446,0.709565481472795,0.975613015254596
"CACNA1E",0.0105544533619037,0.835195303727216,0.727512634968642,0.958816605842265
"CALCR",0.937929581618195,0.995264663922374,0.883191702927997,1.12155916769666
"CANT1",0.100129276494074,1.19980513226781,0.965625155005598,1.49077760449172
"CAPN3",0.0044093463581379,0.8244742547149,0.721899303793436,0.941624120034053
"CARD6",0.0324407500396022,0.826503148200065,0.694086345445091,0.984182239670151
"CASKIN1",0.353043567127344,0.952658672709188,0.859975236348665,1.05533102388087
"CASP10",0.0302958053639449,0.835003734843877,0.709304377685767,0.982978900367239
"CATSPER1",0.1175774088846,0.882456005082759,0.75453872196795,1.03205916175591
"CCDC141",0.00359064975925353,0.807817139535052,0.699728955954536,0.932601867299306
"CCDC69",0.000143481855617654,0.784972765317578,0.692871135604501,0.889317234658263
"CCL11",0.00500070455781622,0.865072665629695,0.78180764173003,0.957205681903636
"CCL13",0.00665749098216431,0.892992993492155,0.822897331004392,0.969059512506577
"CCL21",0.0156778808455793,0.935170549825736,0.885685247149717,0.987420711901658
"CCL23",0.000266519556453834,0.768047336157866,0.666459583745383,0.8851200057235
"CCL7",0.23325441750858,0.94854005103155,0.8696202993084,1.03462192536959
"CCND2",8.89785234284237e-05,0.740900267120301,0.637707377471766,0.860791681594176
"CCR4",0.0024101069664478,0.871578027966999,0.797534120537325,0.952496249719126
"CCR8",0.359795026962011,0.953452758222536,0.860981552534248,1.05585556332347
"CD163L1",0.0720588649877665,1.1042485950462,0.991151414369578,1.23025094045503
"CD19",0.000213868656448892,0.866810376797454,0.803636071019527,0.934950852032484
"CD1A",0.0105131616984205,0.902056807630863,0.8335661473364,0.976175060363624
"CD1C",6.36496778644215e-05,0.853593162764596,0.789868610483043,0.922458846760449
"CD200R1",0.00116814690680978,0.821370204135062,0.729365915863501,0.924980174652323
"CD209",0.105225563524271,0.915969247371816,0.823688906059613,1.01858803239748
"CD300LF",0.0109910064499735,0.83103548762173,0.720555873127406,0.958454448076608
"CD80",0.514725402290012,0.961004142367185,0.85262086917482,1.08316485677942
"CDH20",0.0518733526313967,0.852735936328105,0.726218923540126,1.00129389848541
"CEBPA",0.719007442260125,0.969857059450584,0.820912608688322,1.14582564064778
"CELF2",0.00590509787530649,0.826734013894294,0.721997230570962,0.946664475692325
"CFP",0.000309515694619606,0.810693403500285,0.723326104278892,0.908613404923474
"CGN",0.542084567920742,0.952497507623902,0.814544393953951,1.11381467819793
"CH25H",0.00627903482894329,0.855107247317637,0.764304673462771,0.956697544583003
"CHST11",0.00975965857878383,0.808546930247782,0.688186093359605,0.949958368414024
"CHST2",0.00418650098853827,0.808557414473547,0.699113810594699,0.935133997630548
"CLDND2",0.68109861081501,0.963192537149426,0.805448858270548,1.15182963399114
"CLEC10A",0.000128379468619235,0.872231154238568,0.813292588999343,0.935440943044127
"CLEC4F",0.00203224481556338,0.848874157020236,0.764967570319773,0.941984160394662
"CLEC4G",0.318410479452602,0.930312296030726,0.807239394928605,1.07214907198937
"CLEC5A",0.434616576115493,0.957373455640804,0.858268638104899,1.06792196856853
"CLIC2",0.00497508478914458,0.803158167845755,0.689236257044241,0.935909908952953
"CNR1",0.153560893731263,0.938557526695877,0.860276544261692,1.02396169789039
"COL23A1",0.0317925856430573,0.867534627955384,0.76199130205648,0.987696747548834
"COL4A3",0.0102318111678557,0.877345915119863,0.793954503904353,0.969496175148896
"COL4A4",0.00326552444546584,0.854406271958782,0.769365202696615,0.948847276954858
"COL6A6",0.000540455870347574,0.86712822652265,0.799849659488584,0.940065864018847
"COLEC11",0.101531817622767,0.906805722839476,0.806605459861676,1.01945332618433
"CP",0.915629467226018,1.00273906663941,0.953257936725576,1.0547886327794
"CPM",0.327219009266022,0.922306576357882,0.784527020585811,1.08428313935932
"CR1",0.0469498385378296,0.915339492137216,0.838846329145785,0.998807954156768
"CRB2",0.00826005803254065,0.85208109227442,0.756647622077684,0.959551271459659
"CSAG3",0.103520172459305,0.934770950011861,0.861861382942963,1.01384833603097
"CSF1",0.092704133623634,0.871995530676443,0.74330879989907,1.02296139319612
"CSTA",0.00872286203146644,0.866338738167876,0.778254806462584,0.964392128410698
"CTSD",0.301007087297909,0.914880928175281,0.77294758209973,1.08287694032901
"CXCL10",0.0451993229095742,0.918975894355064,0.846044095636176,0.99819465529236
"CXCL11",0.0390511490387601,0.919708942356553,0.84942908088095,0.995803602312928
"CXCL13",5.47355955080332e-05,0.884265346123604,0.832974904485983,0.938713997437427
"CXCL9",0.0015679801351002,0.896838335093451,0.838305269466943,0.959458360323369
"CXCR2",0.00504368278777135,0.805554633513368,0.692567126400368,0.936975266134307
"CXCR3",0.000214755425078637,0.844995382816393,0.772890617926955,0.923826969068608
"CXCR5",0.00180002469774882,0.864680831161627,0.78923560912051,0.947338071341632
"DACT2",8.0389920426494e-06,0.7761346457892,0.694407468516324,0.867480572582819
"DHRS9",0.0235807204285553,0.889891835432009,0.804407193661195,0.98446096082787
"DNAH1",0.0148085094799521,0.80396304442623,0.674563502484723,0.958184921689756
"DNAJC5B",0.0412090588979879,0.891790235617638,0.798932401098704,0.995440694668621
"DPEP1",0.0749324354512058,0.916952443986793,0.833503051100103,1.00875669671949
"DPF3",0.217092405474688,0.930942655977592,0.830950275412247,1.04296761715212
"DPYD",0.00370443999784988,0.808077348920798,0.699768532627211,0.933149993737619
"DPYS",0.104179217389279,0.868817635811275,0.733271772954396,1.02941925782221
"DTX1",0.000592768475696205,0.808356281376376,0.715946785000846,0.912693361197049
"EMILIN2",0.0304613737445432,0.847449379620997,0.729468597863009,0.984511811918849
"ENTHD1",0.00907282822801013,0.838945657323125,0.735269900985402,0.957240076056512
"EPHB6",0.00227067745315807,0.859225543378705,0.779464113905581,0.947148843960583
"ESM1",0.081396443256307,1.12473128948345,0.985448062999501,1.28370080681132
"ESR2",0.00016431511336657,0.696333935620866,0.576853574218842,0.840561576746501
"FABP5",0.0462825627103408,0.89386211892457,0.800468359214032,0.998152492164509
"FAM153A",0.0732428875863631,0.854091597919346,0.718720672929444,1.0149596152051
"FAM20A",0.00352953863064478,0.83520820383166,0.740039911579722,0.942615030395642
"FCER2",0.00466890847401984,0.883421826173429,0.810724308469143,0.962638118540268
"FCGR1A",0.17503647142853,0.899190531405355,0.771185131224608,1.04844294713659
"FCGR1B",0.256816187826678,0.906737363650246,0.765580343575312,1.07392078903149
"FCGR3A",0.655612605526905,0.966630336477945,0.832690654399475,1.12211444005376
"FCN1",0.00579567678990209,0.893270620038853,0.824448408022763,0.96783788149733
"FCRL4",0.0514746759718079,0.864787082354299,0.747161776488924,1.00093008146268
"FFAR3",0.104374909268964,0.895854389350496,0.784502169122463,1.02301194121143
"FGL2",0.00106830713960536,0.82315574878515,0.732576745345098,0.924934337683418
"FKBP4",0.076039663498398,1.21575228004792,0.979745786289179,1.50860930164332
"FKBP5",0.0135233327237024,0.845747945873865,0.740454959196355,0.966013636705458
"FLI1",0.00261668513713255,0.771007701265117,0.650886042797283,0.913297929781022
"FMO2",0.0370767637247695,0.918657975883354,0.848234578171253,0.994928170074807
"FMO3",0.371380431956588,0.954078098214443,0.860635385561277,1.05766626932129
"FOLR2",0.155880975808386,0.920276993235882,0.820510253754422,1.03217447972656
"FOXP3",0.0210670536377324,0.876907252682539,0.784303308705598,0.980445092188033
"FRMD4A",0.850842352315216,1.02163666858124,0.817335074351275,1.27700561904577
"FUT7",0.00191794960678281,0.841307702359565,0.754307458661295,0.938342372095451
"FYN",0.00211298321473292,0.75648845625282,0.633175679846438,0.903816748903823
"GAB3",0.00199361488968138,0.776947276998327,0.662055360242868,0.911777333867779
"GABRE",0.214123707857735,0.949426566455415,0.874787561741314,1.03043395278393
"GALNT12",0.0672190395033748,0.888807808181501,0.783404968190029,1.00839202195713
"GBP2",1.95096400396346e-05,0.711122764031732,0.608124932588561,0.831565289342064
"GBP5",0.0018669166380048,0.876571247164536,0.80674856871135,0.952436956390202
"GFOD1",0.863647921869575,0.986022671886737,0.839689520773383,1.15785738111772
"GFRA2",0.031721149425099,0.882641899712795,0.787613152974109,0.989136253231442
"GIMAP1",0.00247972638884054,0.822779984721233,0.725118140589095,0.933595321043681
"GIMAP4",0.00227495799579896,0.77923522635595,0.663886733609854,0.914625202242476
"GIMAP5",0.000468014319072763,0.791474937456501,0.694284427893242,0.902270815035616
"GIMAP6",0.00383065221914416,0.805251808738259,0.695304412747209,0.932585013971409
"GIMAP7",0.00010602396623052,0.772954296722547,0.678582115573787,0.880451062752599
"GIMAP8",0.00567201530036455,0.803080033261618,0.687504788157693,0.938084433639684
"GLT1D1",0.00546639206083971,0.82335137536132,0.717847038138525,0.944362031592807
"GPBAR1",0.0174080386379798,0.829660573724614,0.711306741087976,0.967707218042406
"GPR141",0.989470837673952,1.00085018889816,0.882174279323263,1.13549116551654
"GPR15",0.424209483341322,0.950824310707734,0.840212570154848,1.07599779144725
"GPR34",0.908289059993065,1.00845531056055,0.873860606803789,1.163780705389
"GPR84",0.0143958415034178,0.849714103257629,0.745809849837185,0.9680940221325
"GRIP2",0.154419762275008,0.904527727762432,0.787854026561481,1.03847969637459
"GRK5",0.440161764369087,0.924035347551266,0.756082669194872,1.12929625067774
"GTF2IRD1",0.0870769554203125,1.30429731609175,0.96208520243368,1.76823371200474
"GYPC",0.00349206526151756,0.791749615149432,0.676916474224246,0.926063224872272
"HAAO",0.0163919127383917,0.850258765772747,0.744767321158477,0.970692387051663
"HABP4",0.378700655658204,0.90320009435182,0.72000813482543,1.13300165787005
"HBEGF",0.0736214967181267,0.862991647715637,0.734338154432375,1.01418478603039
"HSD11B1",5.88081333827569e-06,0.784884048691825,0.706802453607386,0.871591442201006
"HTRA4",0.0194208729803459,0.863849802274801,0.764080546287327,0.97664635556576
"ICAM2",0.000609553916228823,0.753174884333309,0.640467395443291,0.885716291612102
"ICOS",0.00168014600555317,0.872036119102571,0.800637106905355,0.949802334242006
"IFI30",0.0339151021999247,0.835641662741629,0.707886232388171,0.986453693489382
"IFNGR1",0.265024520083837,0.860694416462663,0.661125343069406,1.12050594686133
"IKBKE",0.318583271649508,0.907604422278689,0.750167328642667,1.09808272886303
"IL12A",0.0985157043441228,0.919128572093446,0.831625141070933,1.01583909662789
"IL12B",5.63330890724565e-06,0.759692042098543,0.674689975243238,0.855403251871035
"IL21R",0.0157262038499662,0.881663262725253,0.796004307786098,0.976540078032119
"IL4I1",0.00281551626434939,0.847131718822056,0.759762675248982,0.94454778105444
"IL6",0.0343998513549297,0.918333043402953,0.848629934479237,0.993761290218033
"IL6R",0.326795344196654,0.93761559295444,0.82434519684965,1.06645007881528
"IL7",0.0058903293728348,0.837784983938337,0.738625261110047,0.950256803101656
"IL9R",0.0115729026946048,0.838863849255942,0.731908569833668,0.961448719952024
"INPP1",0.000773794657527126,0.695197907189127,0.56242109542583,0.85932077244403
"IRF4",0.000524229277101973,0.865662684154864,0.797887205245406,0.939195261951494
"IRX5",0.917855035277609,1.00790128583373,0.867887471365023,1.17050313030505
"ITGAX",0.001487876769121,0.791431353348237,0.685082393190287,0.914289424584065
"ITPRIPL1",5.71516389022049e-05,0.775690576447778,0.685429668829975,0.877837505074704
"JAKMIP1",0.244820636090607,0.947567496104388,0.865351981532883,1.03759415686901
"KAT2B",0.74046685549161,1.03368925989908,0.849654525511137,1.25758582335322
"KCNA2",0.00355444118051881,0.764914390645679,0.638797389883631,0.915930519258128
"KCNIP1",0.00132701605770271,0.793050881871551,0.688363136209591,0.913659764961251
"KCNJ10",0.00693306249853756,0.859398076650638,0.769885249718538,0.95931835870453
"KIF19",0.00304082909444246,0.868352488159282,0.790956650134587,0.953321580347179
"KLHDC7B",0.00179931897356505,0.87507424078268,0.804739612236875,0.951556149638107
"KLHL14",0.0482051532467335,0.900418037070127,0.811424107774946,0.999172484170373
"KLRB1",4.39240653532665e-09,0.772585979606879,0.708801284555745,0.842110629440002
"KLRC1",0.000147507971185459,0.795753075899593,0.707192132539843,0.895404415104955
"KLRF1",0.0627234582286604,0.88976671554713,0.786790554963003,1.00622052857861
"KMO",0.439698759186198,1.03657481809127,0.946301409488159,1.13545995253471
"LAG3",0.0311430343073601,0.899369553708694,0.816676032572125,0.990436307516764
"LAMP3",7.2813333158981e-05,0.840321624630072,0.771108757344166,0.91574687240357
"LBP",0.246039025126886,0.968370598637361,0.917186440861782,1.02241112005994
"LCN10",0.0377419463386331,0.893355139177481,0.803197555077917,0.993632761515809
"LGALS9B",0.687509666545293,0.980289239598214,0.889664703401896,1.08014512613292
"LGALS9C",0.268812682039696,0.935135613665135,0.830331696230015,1.0531678122313
"LIF",0.0253189616561373,0.871632712132978,0.772760004782531,0.983155934777056
"LILRB5",0.41499796071375,0.957283625574888,0.861892684600839,1.06323206608744
"LIMD2",0.000288407552388266,0.780981099964445,0.683284188500727,0.892646849973209
"LIPC",0.34675321854873,0.930390418792826,0.800558339157246,1.08127826423336
"LONRF3",0.630488864306238,1.02903205255007,0.915773531685666,1.15629784934521
"LRMP",0.0110002577077396,0.852975829504253,0.754572851520559,0.964211426706286
"LRRC2",3.1703972425331e-05,0.766338343281513,0.676047516880827,0.868688134664029
"LRRC8C",0.00246610773238789,0.764971003245754,0.643157714745147,0.909855580351228
"LRRC8E",0.29452301313667,1.1421264275336,0.89084729696862,1.46428325136022
"LRRK2",0.124483213536762,0.912887590232097,0.812674172791886,1.02545864049894
"LTA",0.00487266264166497,0.864591444626324,0.781304463021149,0.956756810565921
"LTB",0.000260050502663503,0.872887357750531,0.811470700125284,0.938952372775836
"LTF",0.0239649116097615,0.947740798753044,0.904592861983546,0.992946837598854
"LY75",0.0194719966412105,0.876340140863366,0.784478847173553,0.978958253948334
"MAF",0.262249229807103,0.897566871057539,0.743045073238967,1.08422263606198
"MAP3K5",0.635632342813753,0.957747019749908,0.801112573891514,1.14500681144476
"MAP3K8",0.049869126090511,0.859388553951495,0.738612654879733,0.999913394095717
"MARCH4",0.0586988139575222,1.0883181143099,0.996892417802943,1.18812852498712
"MARCO",0.103912717728181,0.952466502879063,0.898169056359175,1.01004641908292
"MBP",0.0660674521349104,0.866557517005948,0.743816793965942,1.00955226659469
"MCOLN2",0.00928240048655228,0.847872179185877,0.748745341987813,0.96012247679413
"MERTK",0.882508568362047,1.01397046055852,0.843565457663195,1.21879823971616
"MFNG",0.0121084971354467,0.829667292282955,0.717055982747753,0.959963841660434
"MGAT3",0.00589541291565612,0.84459912834483,0.748929170682297,0.952490189360584
"MMP12",0.0556615925759566,0.938501872668992,0.879434594580639,1.00153640808639
"MMP9",0.164851376672964,0.941343236257937,0.864377002862371,1.02516273051478
"MPO",0.0533810848474618,0.859107289286635,0.736434538314237,1.00221444827252
"MRC1",0.0178059292326817,0.88800062283802,0.804905577634227,0.979674048822469
"MSRA",0.0247918145970924,0.808706196240139,0.671855140713712,0.973432622905056
"MYEOV",0.0231884924819057,0.91174398115147,0.841843109802837,0.987448940884745
"MYT1",0.94512142636293,1.00232606109834,0.938163461162103,1.07087685072753
"NAALADL1",0.0186474097718025,0.837379340644921,0.722280285815037,0.970820018087117
"NEURL3",0.111357744215329,0.911360229542419,0.812955783462845,1.02167606761306
"NFKBIE",0.00266761767357195,0.717960669655732,0.578365519588305,0.891248709880614
"NLRP1",0.0103535357678333,0.825551094680003,0.713011471112376,0.955853639863722
"NMUR1",0.019563657362061,0.858120939130748,0.754676549763908,0.975744570842968
"NOD2",0.399153887888193,0.946097388061656,0.831755805243794,1.0761575237034
"NR4A3",0.000713431029611193,0.82814485874196,0.742471488520559,0.923704031285169
"OLR1",0.736504732249786,0.977768250133942,0.857752708970725,1.11457619541324
"OR52N4",0.00202901318932415,0.729678187359018,0.597314061386848,0.891374055168469
"OSCAR",0.168584053688175,0.89588658054729,0.766091313770934,1.04767245206581
"OSM",0.0383798948799828,0.891050043372273,0.798886361051979,0.993846207047801
"OVOL2",0.433325863865361,0.924615576515294,0.759998791914517,1.12488858328457
"OXER1",0.132588816030814,0.907246065103158,0.799158176360416,1.02995307686617
"P2RY12",0.00463760081595131,0.857430986612742,0.770822693783376,0.953770436097604
"P2RY13",0.0020155859219782,0.836102006943213,0.746304017537463,0.936704814106642
"P2RY14",0.000155581630021424,0.750005323968083,0.646127338942323,0.8705837875569
"P2RY6",0.718823816009339,1.02522114222917,0.895216681994192,1.1741050090044
"PAPLN",2.91109407624737e-05,0.762841109416776,0.671912339599806,0.866075117124379
"PCBP3",0.559659636099268,0.971086525973084,0.879926438758535,1.07169076798845
"PDCD1",5.45032841685347e-05,0.828904020322643,0.756698052874907,0.908000056689224
"PDCD1LG2",0.000815764984740083,0.807370977645667,0.712299405744754,0.915131881744267
"PDE3B",0.0325056289938515,0.895266729767306,0.808925896565049,0.990823165424269
"PIGR",1.00129531328731e-05,0.89208309915517,0.848004259288108,0.938453135207564
"PIP5K1B",0.138662029984293,0.939165844840442,0.864299396155054,1.02051729763864
"PIWIL4",0.534886203937784,0.956850532551591,0.832420848489685,1.09987987843581
"PKHD1L1",0.0024949379246099,0.843756837470417,0.75577992251091,0.941974746316185
"PLAG1",0.56735032102228,0.963273805911166,0.847352330948053,1.09505384155421
"PLAUR",0.226106547441793,0.903560798948393,0.766731677900372,1.06480812118257
"PLB1",0.0675806839872381,0.878121643392027,0.763884482295947,1.00944270824286
"PLCG2",0.0122980743307824,0.82046522330426,0.702713161662876,0.957948732678863
"PLCL2",0.003875453581208,0.802699516847874,0.691480528359783,0.931807170154417
"PLIN2",0.257186475700407,0.910669527587689,0.774575259005254,1.07067580436514
"PLTP",0.333482189763074,0.928771426398563,0.799600781176831,1.07880880409452
"PM20D1",0.031726391873751,0.837986623872549,0.713163019665451,0.984657872640017
"PMCH",0.0490938640990973,0.841646339798824,0.708853512660851,0.999315865188742
"PPARGC1B",0.92543796716095,1.00674156751008,0.874594221003932,1.15885579782272
"PPM1F",0.138191176871436,0.838687876479877,0.664659289987832,1.05828258891439
"PPP1R16B",0.000350008784347116,0.818488993923512,0.733373214504581,0.913483366891821
"PPP2R2B",3.59286808794222e-05,0.777694474240275,0.690268839627996,0.876192956341192
"PRDM8",0.00734861825932544,0.827561983511895,0.720608671352616,0.950389391330292
"PTGDR",0.0206035115001809,0.848979786290008,0.739100869504215,0.975193924494385
"PTGDS",0.00389799737617491,0.89028314089668,0.82272531632198,0.963388454494411
"PTGER4",0.00405107577521321,0.816283298414463,0.710759847908938,0.937473360700818
"PTGFR",0.00669320374164938,0.882432115119305,0.806160137681049,0.96592029473679
"PTH2R",0.403365165819632,0.961384179015922,0.87656023533601,1.05441645924974
"PZP",0.0828810226915276,0.827891267929144,0.668757351179391,1.02489183902738
"RAB3A",0.696731250684403,1.03820709124886,0.859790646480035,1.25364699968789
"RASA3",0.782985639145839,0.973967116419692,0.807282282916404,1.17506845367635
"RASGEF1B",0.323828977973173,0.927995774756078,0.799971835813112,1.07650809617542
"RASGRP2",0.000846845811929916,0.837892617610361,0.755220426138766,0.929614738090973
"RCSD1",0.00203239608194453,0.793988657138087,0.685762428982661,0.919295022620557
"RELT",0.270372981208184,0.893277593771153,0.730851979171936,1.09180091492351
"REM1",0.0964400588790866,0.891004461311417,0.77765523756391,1.02087520501218
"RGL1",0.097339814376918,0.867505394821156,0.733326349166447,1.0262356056062
"RGS2",0.000281837183992762,0.802218928181192,0.712258890166736,0.903541138786668
"RHOF",0.0341628162624928,0.900083302082673,0.816543877638828,0.992169524350279
"RILP",0.00428349936743645,0.783086967706706,0.662137844867534,0.926129209718807
"RNASE1",0.929824597272013,0.992695901609455,0.843255196368624,1.16862031484171
"ROBO3",0.441253154118648,0.951442999792122,0.838231067547612,1.07994539560777
"RSPO3",0.0398633090904558,0.889324374904694,0.795206658589536,0.994581515706176
"RTN1",0.00716462246368576,0.878881438064486,0.799951238955418,0.965599582273223
"RUFY4",0.00146336432529675,0.846801944026787,0.764357898980579,0.938138447138315
"S100A4",0.217652097052523,0.906863565665405,0.776318410722757,1.059361101543
"SDS",0.942598666724079,0.994989076006882,0.867825456160391,1.14078615042385
"SELE",0.00701300767374134,0.887091906838241,0.813102904478402,0.967813602489485
"SEMA7A",0.253276485516164,0.907943066522967,0.769313576493702,1.0715534435312
"SERPINF2",0.00312429244939355,0.831705348768041,0.736023840950591,0.939825245709405
"SGK1",0.0017116399610923,0.756706027885806,0.635714954564996,0.900724465465081
"SH2D2A",0.00097759730932048,0.836651291731904,0.752485502496939,0.930231056457477
"SH3BP5",0.000984382122888251,0.699412335154585,0.565424609308794,0.865150908738101
"SIGLEC7",0.189628413752755,0.905463187421643,0.780594348382191,1.05030684051833
"SIRPA",0.0946958163487621,0.858920035573073,0.718604717745756,1.02663343183041
"SIRPB1",0.149665811954553,0.907927020702504,0.796128026240588,1.03542577041825
"SLAIN1",6.11030363233901e-05,0.839048544161611,0.770056742961926,0.914221537430945
"SLAMF8",0.0408963943012326,0.877421904104714,0.774046874079855,0.994602812288237
"SLC11A1",0.498222391009872,0.955138016337144,0.836336002662951,1.09081592487668
"SLC16A3",0.939250354823938,1.00555392874983,0.872059247989533,1.15948395244397
"SLC17A9",0.12664301462121,0.920699132315848,0.828086606649354,1.02366936675514
"SLC1A3",0.336671796179711,0.929131047974054,0.799748968383944,1.07944434871083
"SLC22A3",0.0439793577769686,0.912768199098527,0.835199148955949,0.997541468196
"SLC26A7",0.614969605749349,0.974127512800439,0.879540998353595,1.07888593365295
"SLC28A3",0.00280517763029527,0.902874932391918,0.844354511521289,0.965451279549605
"SLC2A6",0.479242374851183,0.955732363363777,0.843071165037968,1.08344869123803
"SLC47A1",0.0225543724974154,0.869693795521397,0.771372670683172,0.980547181297636
"SLC6A16",0.163324269287437,0.920224917667,0.818706302765175,1.0343317209543
"SLC9A9",0.00452529934705598,0.796790575154195,0.681138483633607,0.932079504989561
"SLCO4A1",0.812659995901703,0.988170011374403,0.895549101448398,1.09037010902071
"SLCO5A1",0.0515106429635167,0.898045931774423,0.805918255467833,1.00070508405152
"SLFN13",0.110859386454647,0.920054578272852,0.830479187310203,1.01929156074642
"SLFN5",0.278927305751444,0.937111512906398,0.833158790087182,1.05403435463944
"SLITRK2",0.204062246189114,0.916714666324531,0.801592926394431,1.04836975450178
"SOCS3",0.00032975552782352,0.764818330447231,0.66069301092444,0.885353816244604
"SOD3",0.00419805700882095,0.863315153724451,0.780674771292248,0.954703651325325
"SPNS2",0.860832889659374,1.01164043744856,0.888862989820214,1.15137696855634
"SPP1",0.657678582334605,1.02130045698657,0.930393379322723,1.12108990306903
"STAC3",0.338858608133146,0.919701459281086,0.774728783209023,1.09180243788044
"STAT4",6.23135302341818e-06,0.799991761080082,0.726183516849069,0.881301768694684
"STAT5A",0.00108202320072036,0.745341990623576,0.624896672841744,0.889002465736292
"STAT5B",0.0660672090468497,0.802967360570077,0.635433386353104,1.01467218435166
"STRA6",0.019073996903266,0.87165497641032,0.777078292706575,0.977742403863247
"STX11",3.36787357449445e-07,0.660563568044288,0.563285226423762,0.774641703631574
"STXBP6",0.259061190187917,0.942956732877562,0.851517992636339,1.04421445908174
"SUCNR1",0.276917878297647,0.940592951412469,0.842275897459629,1.050386343614
"SV2B",0.404238160422098,0.958113910789203,0.866462939043673,1.05945935444275
"SYT15",0.543564295095269,0.962966915232804,0.852572167976964,1.08765605383689
"TCF7",5.32565863212202e-05,0.762921626779248,0.66908047081276,0.869924372326179
"TCL1A",0.000299397250491804,0.868458998342769,0.804541125198531,0.937454914584276
"TCN2",0.0327215845363797,0.833327242274007,0.704919394724835,0.985125814260046
"TDO2",0.529090024001419,1.03144211978212,0.936649297149712,1.13582837215387
"TEPP",0.267296710931741,0.904078405278526,0.756536006633165,1.0803950581658
"TFAP2A",0.50107634605523,0.94031303888967,0.785978966078733,1.1249520016002
"TFPI2",4.55869596522493e-05,0.862861420255107,0.803797865665745,0.92626500065163
"TIGIT",0.000595820622181881,0.864906449532844,0.796139145069232,0.939613597794465
"TKTL1",0.46931376517832,0.938763986911969,0.791082066054329,1.11401567667738
"TLR4",0.131992303953829,0.885465460986083,0.755843954993158,1.03731607221281
"TMBIM1",0.640049528437633,0.93217043771774,0.694451390551555,1.25126356830352
"TMCC3",0.584534507151966,0.956033160077704,0.81372244655975,1.12323238351401
"TMEM145",0.514584011080165,0.975078102563561,0.903808973866034,1.05196710100367
"TMEM220",0.0269418605638704,0.833905713377468,0.709958896442188,0.97949154843813
"TMEM63B",0.0145607068314609,1.39894303453114,1.06864611630596,1.83132805519211
"TMEM71",0.000253125438488405,0.814073933046498,0.729140867111794,0.908900321402757
"TNFRSF17",9.26281669354371e-05,0.853556484440171,0.788412396243976,0.924083228017142
"TNFRSF4",0.0581362687105499,0.887803179947843,0.784968551126531,1.00410963623236
"TNFRSF8",8.85737118580953e-05,0.788160258392686,0.699716090177009,0.887783776349176
"TNFRSF9",0.00724617759206212,0.87660650840535,0.796267194356228,0.965051651035167
"TREM1",0.832551791568229,1.01114415194394,0.912421864190876,1.12054800102483
"TRPM2",0.0844573197163533,1.13472142891215,0.98296386864419,1.30990849440724
"TSHR",0.00381520236952279,0.819039983211409,0.715437393098737,0.937645279055698
"TSKS",0.0457585361838138,0.831374640681341,0.693593751041463,0.996525404287719
"TTBK1",0.678525776443527,0.973874227200087,0.859281567433864,1.10374881336852
"TTLL10",0.0207904940870287,0.826371003018936,0.70299849412114,0.97139473319106
"TTN",0.187231492594079,0.900367597694928,0.770336725568043,1.0523473489871
"TTYH3",0.759010683354784,1.03339372452766,0.837768524570642,1.27469886797246
"TYMP",0.022210601814139,0.869668094145752,0.7715669801638,0.980242303545106
"UBL4B",0.677676153277998,1.0376345455033,0.871737551418488,1.23510275342604
"VSIG4",0.851073058160068,1.01271394840903,0.887582616930518,1.15548628571497
"VWCE",0.869682440367725,1.01182149259912,0.879286065606662,1.16433408071713
"WNT10B",0.35282849651623,0.945545591552155,0.840204236267242,1.06409421318288
"XIRP1",0.0855608388446275,0.93003025960331,0.856217937466548,1.01020575011207
"ZBED2",0.000530865999447606,0.850882004068702,0.776598443236613,0.932270971121923
"ZBP1",0.000654980210266596,0.854485037062226,0.780592706993858,0.935372149933472
"ZFP36L2",0.00382211252842657,0.770276043636325,0.645412347087665,0.919296301158987
